@@,name
+++,Vandana Mohit
+++,Terrence Deyalsingh
+++,Symon de Nobriga
+++,Stuart Young
+++,Stephen Mc Clashie
+++,Shamfa Cudjoe
+++,Saddam Hosein
+++,Rushton Paray
+++,Rudranath Indarsingh
+++,Roodal Moonilal
+++,Roger Monroe
+++,Rodney Charles
+++,Rishad Seecheran
+++,Ravi Ratiram
+++,Rai Ragbir
+++,Pennelope Beckles
+++,Nyan Gadsby-Dolly
+++,Michelle Benjamin
+++,Marvin Gonzales
+++,Lisa Morris-Julian
+++,Lackram Bodoe
+++,Khadijah Ameen
+++,Kennedy Richards
+++,Keith Scotland
+++,Keith Rowley
+++,Kamla Persad-Bissessar
+++,Foster Cummings
+++,Fitzgerald Hinds
+++,Faris Al-Rawi
+++,Esmond Forde
+++,Dinesh Rambally
+++,David Lee
+++,Davendranath Tancoo
+++,Colm Imbert
+++,Camille Robinson-Regis
+++,Bridgid Annisette-George
+++,Brian Manning
+++,Barry Padarath
+++,Ayanna Webster-Roy
+++,Arnold Ram
+++,Anita Haynes
+++,Adrian Leonce
